{
  "model_kind": "subtype_grouped",
  "population": {
    "total_female": 713510000.0,
    "total_male": 681870000.0
  },
  "demography": {
    "agebins": [
      0.0,
      1.0,
      9.0,
      10.0,
      11.0,
      12.0,
      13.0,
      14.0,
      15.0,
      18.0,
      19.0,
      20.0,
      25.0,
      27.0,
      30.0,
      35.0,
      40.0,
      45.0,
      50.0,
      55.0,
      60.0,
      65.0,
      70.0,
      75.0,
      80.0,
      85.0,
      Infinity
    ],
    "fertilities": [
      0.0,
      0.0,
      0.0,
      0.0,
      0.0,
      0.0,
      0.0,
      0.0,
      0.00461,
      0.01862,
      0.02973,
      0.07439,
      0.11259999999999999,
      0.10695,
      0.06856999999999999,
      0.02608,
      0.00523,
      0.00044,
      0.0,
      0.0,
      0.0,
      0.0,
      0.0,
      0.0,
      0.0,
      0.0
    ],
    "deathes_female": [
      0.006679999999999999,
      0.00020999999999999998,
      0.0,
      0.00047999999999999996,
      0.00041,
      0.00013000000000000002,
      0.0,
      0.00061,
      0.0,
      0.00011999999999999999,
      0.00067,
      0.00035999999999999997,
      0.0005,
      0.00027,
      0.00026000000000000003,
      0.00057,
      0.00075,
      0.00109,
      0.0017900000000000001,
      0.00264,
      0.00597,
      0.00951,
      0.01825,
      0.0277,
      0.061450000000000005,
      0.11839
    ],
    "deathes_male": [
      0.008490000000000001,
      0.00031,
      0.00015,
      0.00066,
      0.00076,
      0.00014000000000000001,
      0.00041,
      0.00014000000000000001,
      0.00061,
      0.0007099999999999999,
      0.0,
      0.00057,
      0.00092,
      0.00055,
      0.00087,
      0.00151,
      0.00163,
      0.0023799999999999997,
      0.00471,
      0.00631,
      0.01182,
      0.01752,
      0.02845,
      0.04476,
      0.09001,
      0.16063999999999998
    ],
    "lambda_f": 0.4681,
    "lambda_m": 0.5319,
    "q_is_zero": true,
    "rtol": 1e-05,
    "atol": 1e-05
  },
  "transmission": {
    "epsilon_f": 0.846,
    "epsilon_m": 0.913,
    "omega_f": [
      0.0,
      0.0,
      0.0,
      0.0,
      0.0,
      0.0,
      0.05027,
      0.05027,
      0.6215200000000001,
      0.76319,
      0.75405,
      0.6398,
      0.53012,
      0.5164099999999999,
      0.48442,
      0.46614,
      0.43872,
      0.42501000000000005,
      0.37931,
      0.28791,
      0.0,
      0.0,
      0.0,
      0.0,
      0.0,
      0.0
    ],
    "omega_m": [
      0.0,
      0.0,
      0.0,
      0.0,
      0.0,
      0.0,
      0.01828,
      0.01828,
      0.22393000000000002,
      0.46614,
      0.5484,
      0.65351,
      0.60324,
      0.54383,
      0.5484,
      0.49356000000000005,
      0.4981300000000001,
      0.41587,
      0.38845,
      0.33818000000000004,
      0.0,
      0.0,
      0.0,
      0.0,
      0.0,
      0.0
    ],
    "partner_window": 10,
    "partner_decline": 0.05,
    "partner_interval": [
      13,
      60
    ],
    "phi": 0.3333333333333333,
    "beta_I": 0.15,
    "beta_P": 0.13,
    "beta_LC": 0.1,
    "beta_RC": 0.3,
    "dL": [
      0.0,
      0.0,
      0.0,
      0.0,
      0.0,
      0.0,
      0.0,
      0.0,
      7e-05,
      7e-05,
      7e-05,
      7e-05,
      7e-05,
      7e-05,
      6e-05,
      6e-05,
      8e-05,
      8e-05,
      0.00019,
      0.00019,
      0.00042,
      0.00042,
      0.00116,
      0.00116,
      0.00116,
      0.00116
    ],
    "dR": [
      0.0,
      0.0,
      0.0,
      0.0,
      0.0,
      0.0,
      0.0,
      0.0,
      0.00134,
      0.00134,
      0.00134,
      0.00134,
      0.00134,
      0.00134,
      0.0008900000000000002,
      0.0008900000000000002,
      0.0011,
      0.0011,
      0.00101,
      0.00101,
      0.0017600000000000003,
      0.0017600000000000003,
      0.0028600000000000006,
      0.0028600000000000006,
      0.0028600000000000006,
      0.0028600000000000006
    ],
    "dD": [
      0.0,
      0.0,
      0.0,
      0.0,
      0.0,
      0.0,
      0.0,
      0.0,
      0.00429,
      0.00429,
      0.00429,
      0.00429,
      0.00429,
      0.00429,
      0.0040999999999999995,
      0.0040999999999999995,
      0.0046700000000000005,
      0.0046700000000000005,
      0.00527,
      0.00527,
      0.0054600000000000004,
      0.0054600000000000004,
      0.00703,
      0.00703,
      0.00703,
      0.00703
    ],
    "gamma_I": 0.35,
    "gamma_P": 0.4666666666666666,
    "gamma_LC": 0.0,
    "gamma_RC": 0.0,
    "gamma_DC": 0.0,
    "cal_cumulate": true,
    "vacc_prefer": true,
    "verbose": false,
    "backend": "solve_ivp",
    "female_initial_state": [
      0.85,
      0.15,
      0.0,
      0.0,
      0.0,
      0.0,
      0.0,
      0.0
    ],
    "male_initial_state": [
      0.85,
      0.15,
      0.0,
      0.0
    ]
  },
  "vaccination": {
    "product_id": "bivalent",
    "coverage_by_age": [
      1.0,
      1.0,
      1.0,
      1.0,
      1.0,
      1.0,
      1.0,
      1.0,
      1.0,
      0.0,
      0.0,
      0.0,
      0.0,
      0.0,
      0.0,
      0.0,
      0.0,
      0.0,
      0.0,
      0.0,
      0.0,
      0.0,
      0.0,
      0.0,
      0.0,
      0.0
    ]
  },
  "vaccine_catalog": {
    "default_product_id": "bivalent",
    "products": {
      "bivalent": {
        "display_name": "Bivalent HPV vaccine",
        "aggregate_efficacy": 0.691,
        "dose_cost": 153.2,
        "doses_under_15": 2,
        "doses_over_15": 3,
        "group_protection": {
          "hr_16_18": 1.0
        }
      },
      "quadrivalent": {
        "display_name": "Quadrivalent HPV vaccine",
        "aggregate_efficacy": 0.691,
        "dose_cost": 262.38,
        "doses_under_15": 2,
        "doses_over_15": 3,
        "group_protection": {
          "hr_16_18": 1.0
        }
      },
      "nonavalent": {
        "display_name": "Nonavalent HPV vaccine",
        "aggregate_efficacy": 0.921,
        "dose_cost": 574.71,
        "doses_under_15": 2,
        "doses_over_15": 3,
        "group_protection": {
          "hr_16_18": 1.0,
          "hr_31_33_45_52_58": 1.0
        }
      }
    }
  },
  "simulation": {
    "t_span": [
      0.0,
      100.0
    ],
    "n_eval": 101,
    "init_state_path": "/home/rongzw/projects/hpv_tdm/results/find-inital-subgroups/initial_state.npy",
    "save_last_state": true,
    "generate_plots": true
  },
  "subtype_groups": {
    "hr_16_18": {
      "label": "HPV 16/18",
      "initial_weight": 0.147,
      "persistence_multiplier": 2.62,
      "cancer_progression_multiplier": 1.77
    },
    "hr_31_33_45_52_58": {
      "label": "HPV 31/33/45/52/58",
      "initial_weight": 0.468,
      "persistence_multiplier": 0.93,
      "cancer_progression_multiplier": 0.49
    },
    "hr_other": {
      "label": "Other high-risk HPV",
      "initial_weight": 0.385,
      "persistence_multiplier": 0.47,
      "cancer_progression_multiplier": 0.59
    }
  }
}